Datetime,Water Level (m)
2025-02-23 18:00:00,0.0010330337
2025-02-23 19:00:00,0.0008210296
2025-02-23 20:00:00,0.0005005098
2025-02-23 21:00:00,0.00026959853
2025-02-23 22:00:00,0.00025860735
2025-02-23 23:00:00,0.00017813781
2025-02-24 00:00:00,0.0004293173
2025-02-24 01:00:00,0.0005810855
2025-02-24 02:00:00,0.00073876244
2025-02-24 03:00:00,0.00090649957
2025-02-24 04:00:00,0.0011783653
2025-02-24 05:00:00,0.0014456175
2025-02-24 06:00:00,0.0015672771
2025-02-24 07:00:00,0.0017668487
2025-02-24 08:00:00,0.0019004147
2025-02-24 09:00:00,0.0019267325
2025-02-24 10:00:00,0.001985214
2025-02-24 11:00:00,0.0020739483
2025-02-24 12:00:00,0.0017781071
2025-02-24 13:00:00,0.0016854157
2025-02-24 14:00:00,0.0017162109
2025-02-24 15:00:00,0.0016861531
2025-02-24 16:00:00,0.0019590547
2025-02-24 17:00:00,0.002167343
2025-02-24 18:00:00,0.0020810908
2025-02-24 19:00:00,0.0015912957
2025-02-24 20:00:00,0.0013399048
2025-02-24 21:00:00,0.001281603
2025-02-24 22:00:00,0.0012501568
2025-02-24 23:00:00,0.0011743982
2025-02-25 00:00:00,0.0010559362
2025-02-25 01:00:00,0.0009783645
2025-02-25 02:00:00,0.0010219587
2025-02-25 03:00:00,0.0009131729
2025-02-25 04:00:00,0.0011375842
2025-02-25 05:00:00,0.0013662251
2025-02-25 06:00:00,0.0018640845
2025-02-25 07:00:00,0.0019915574
2025-02-25 08:00:00,0.0023013402
2025-02-25 09:00:00,0.002540223
2025-02-25 10:00:00,0.002836953
2025-02-25 11:00:00,0.0032248674
2025-02-25 12:00:00,0.002675113
2025-02-25 13:00:00,0.002579242
2025-02-25 14:00:00,0.002412195
2025-02-25 15:00:00,0.002297166
2025-02-25 16:00:00,0.0024105923
2025-02-25 17:00:00,0.0023603344
2025-02-25 18:00:00,0.001970652
2025-02-25 19:00:00,0.0018876059
2025-02-25 20:00:00,0.0018161918
2025-02-25 21:00:00,0.0017769504
2025-02-25 22:00:00,0.0016008129
2025-02-25 23:00:00,0.0013373612
2025-02-26 00:00:00,0.0010951763
2025-02-26 01:00:00,0.0010111178
2025-02-26 02:00:00,0.0011497762
2025-02-26 03:00:00,0.0013062557
2025-02-26 04:00:00,0.0014689032
2025-02-26 05:00:00,0.001787448
2025-02-26 06:00:00,0.0020960467
2025-02-26 07:00:00,0.0027857854
2025-02-26 08:00:00,0.0030668858
2025-02-26 09:00:00,0.0033998685
2025-02-26 10:00:00,0.003045884
2025-02-26 11:00:00,0.0023898417
2025-02-26 12:00:00,0.0018888613
2025-02-26 13:00:00,0.0018536673
2025-02-26 14:00:00,0.0017232824
2025-02-26 15:00:00,0.0017841276
2025-02-26 16:00:00,0.0018146406
2025-02-26 17:00:00,0.0017961154
2025-02-26 18:00:00,0.0019334985
2025-02-26 19:00:00,0.0018569964
2025-02-26 20:00:00,0.0016457594
2025-02-26 21:00:00,0.0015690718
2025-02-26 22:00:00,0.0014046427
2025-02-26 23:00:00,0.0013621673
2025-02-27 00:00:00,0.0009768349
2025-02-27 01:00:00,0.000826498
2025-02-27 02:00:00,0.00070084643
2025-02-27 03:00:00,0.0008058893
2025-02-27 04:00:00,0.0010753141
2025-02-27 05:00:00,0.0012763388
2025-02-27 06:00:00,0.0016547213
2025-02-27 07:00:00,0.002030564
2025-02-27 08:00:00,0.0022418934
2025-02-27 09:00:00,0.002108558
2025-02-27 10:00:00,0.0018980261
2025-02-27 11:00:00,0.0012924173
2025-02-27 12:00:00,0.0006986774
2025-02-27 13:00:00,0.0007451327
2025-02-27 14:00:00,0.0006458322
2025-02-27 15:00:00,0.00083971804
2025-02-27 16:00:00,7.8261575e-05
2025-02-27 17:00:00,0.00043215253
2025-02-27 18:00:00,0.001116059
2025-02-27 19:00:00,0.0013167531
2025-02-27 20:00:00,0.0014033314
2025-02-27 21:00:00,0.0013483996
2025-02-27 22:00:00,0.0008648997
2025-02-27 23:00:00,0.0008997144
2025-02-28 00:00:00,0.00026037256
2025-02-28 01:00:00,-2.798804e-05
2025-02-28 02:00:00,0.00031337465
2025-02-28 03:00:00,0.0006426866
2025-02-28 04:00:00,0.0005396183
2025-02-28 05:00:00,0.00047028833
2025-02-28 06:00:00,0.0010502108
2025-02-28 07:00:00,0.0014888223
2025-02-28 08:00:00,0.0018696429
2025-02-28 09:00:00,0.0020187874
2025-02-28 10:00:00,0.0019402825
2025-02-28 11:00:00,0.0011164285
2025-02-28 12:00:00,0.00025206155
2025-02-28 13:00:00,0.0005915327
2025-02-28 14:00:00,0.00050673145
2025-02-28 15:00:00,1.4323836e-05
2025-02-28 16:00:00,0.00023463348
2025-02-28 17:00:00,-7.580645e-05
2025-02-28 18:00:00,0.00059126684
2025-02-28 19:00:00,0.00042672883
2025-02-28 20:00:00,0.00063305214
2025-02-28 21:00:00,0.00043025406
2025-02-28 22:00:00,6.8542846e-05
2025-02-28 23:00:00,-0.000333021
2025-03-01 00:00:00,-0.0008016003
2025-03-01 01:00:00,-0.0009949714
2025-03-01 02:00:00,-0.0008586361
2025-03-01 03:00:00,-0.00010006226
2025-03-01 04:00:00,0.00067276706
2025-03-01 05:00:00,0.001173794
2025-03-01 06:00:00,0.001444798
2025-03-01 07:00:00,0.0019262447
2025-03-01 08:00:00,0.0022752197
2025-03-01 09:00:00,0.002270624
2025-03-01 10:00:00,0.0023063526
2025-03-01 11:00:00,0.0014352509
2025-03-01 12:00:00,0.0003547907
2025-03-01 13:00:00,-8.060609e-05
2025-03-01 14:00:00,-0.00020280479
2025-03-01 15:00:00,-0.00044681903
2025-03-01 16:00:00,-0.00045730136
2025-03-01 17:00:00,-0.00020517678
2025-03-01 18:00:00,0.00015715357
